,GasLimit,GasUsage,Value,Method,Args
0,501124,501124 (100%),0 Ether ($0.00) ,0x60806040,[]
1,100000,21371 (21.37%),0.015 Ether  ($26.67)  -  [CANCELLED]  ,Transfer,[]
2,100000,30321 (30.32%),0.14593033 Ether  ($259.44) ,Transfer,"[['', ' 0x8da7477d56c90cf2c5b78f36f9e39395adb2ae63']]"
3,60000,30321 (50.54%),0.2 Ether  ($355.57) ,Transfer,"[['', ' 0x8da7477d56c90cf2c5b78f36f9e39395adb2ae63']]"
4,40485,30321 (74.89%),0.1 Ether  ($177.78) ,Transfer,"[['', ' 0x8da7477d56c90cf2c5b78f36f9e39395adb2ae63']]"
5,758522,21371 (2.82%),0.0013 Ether  ($2.31)  -  [CANCELLED]  ,Transfer,[]
6,90000,30321 (33.69%),0.1 Ether  ($177.78) ,Transfer,"[['', ' 0x8da7477d56c90cf2c5b78f36f9e39395adb2ae63']]"
7,21000,21000 (100%),0.395997794434844152 Ether  ($704.02)  -  [CANCELLED]  ,Transfer,[]
8,21000,21000 (100%),0.3 Ether  ($533.35)  -  [CANCELLED]  ,Transfer,[]
9,40000, 30321 (75.8%),"1 Ether  ($1,777.84) ",Transfer,"[['', ' 0x8da7477d56c90cf2c5b78f36f9e39395adb2ae63']]"
10,31143,30321 (97.36%),"1 Ether  ($1,777.84) ",Transfer,"[['', ' 0x8da7477d56c90cf2c5b78f36f9e39395adb2ae63']]"
11,31143,30321 (97.36%),"1 Ether  ($1,777.84) ",Transfer,"[['', ' 0x8da7477d56c90cf2c5b78f36f9e39395adb2ae63']]"
12,31143,30321 (97.36%),"1.917916275 Ether  ($3,412.84) ",Transfer,"[['', ' 0x8da7477d56c90cf2c5b78f36f9e39395adb2ae63']]"
13,90000,30321 (33.69%),0.12937664 Ether  ($230.22) ,Transfer,"[['', ' 0x8da7477d56c90cf2c5b78f36f9e39395adb2ae63']]"
